<?xml version="1.0" encoding="utf-8"?>
<extension version="3.0" type="package" method="upgrade">
	<name>PKG_MINIORANGESAMLSSO_NAME</name>
	<packagename>MiniorangeSamlSSO</packagename>
	<version>4.8.0</version>
	<author>miniOrange Security Software Pvt. Ltd.</author>
	<license>GNU General Public License version 3</license>
	<authorEmail>info@miniorange.com</authorEmail>
	<creationDate>May 2017</creationDate>
	<description>PKG_MINIORANGESAMLSSO_XML_DESCRIPTION</description>
	<files>
		<file type="component" id="com_miniorange_saml" >com_miniorange_saml.zip</file>
		<file type="library" id="miniorangesamlplugin">lib_miniorangesamlplugin.zip</file>
		<file type="plugin" id="miniorangesaml" group="authentication">plg_authentication_miniorangesaml.zip</file>
		<file type="plugin" id="samlredirect" group="system">plg_system_samlredirect.zip</file>
		<file type="plugin" id="pilot4itautosaml" group="system">plg_pilot4itautosaml.zip</file>
	</files>
	<languages>
		<language tag="en-GB">language/en-GB/en-GB.pkg_miniorangesamlsso.ini</language>
		<language tag="en-GB">language/en-GB/en-GB.pkg_miniorangesamlsso.sys.ini</language>
	</languages>
</extension>
